{
  "label": "GAD",
  "threshold": 0.1808080808080808,
  "feature_columns": [
    "Age",
    "Sex",
    "BMI",
    "SDNN",
    "LF",
    "HF",
    "LFHF",
    "MEANH",
    "TP",
    "VLF",
    "NLF",
    "HRV_Mean",
    "LF_HF_Ratio",
    "Sympathetic_Index",
    "Parasympathetic_Index",
    "HF_TP_Ratio",
    "SDNN_MEANH_Ratio",
    "GAD_Risk"
  ],
  "outlier_bounds": {
    "SDNN": [
      -33.0,
      100.0
    ],
    "LF": [
      -1010.0,
      1643.0
    ],
    "HF": [
      -740.0,
      1171.0
    ],
    "LFHF": [
      -4.789662465730905,
      8.179402514578843
    ],
    "MEANH": [
      23.0,
      128.0
    ],
    "TP": [
      -3390.0,
      5885.0
    ],
    "VLF": [
      -1573.0,
      2711.0
    ],
    "NLF": [
      -57.596508221508245,
      159.36748863219452
    ],
    "Age": [
      -16.0,
      103.0
    ],
    "BMI": [
      2.8411808890445727,
      43.630348837348805
    ],
    "HRV_Mean": [
      -832.1687676880044,
      1484.6541005135564
    ],
    "LF_HF_Ratio": [
      -4.80636574420808,
      8.185335629194395
    ],
    "Sympathetic_Index": [
      -0.4414735060132901,
      1.5973407609661538
    ],
    "Parasympathetic_Index": [
      -0.5923479731465577,
      1.4291856005008112
    ],
    "HF_TP_Ratio": [
      -0.39710857992868476,
      0.7541694629318907
    ],
    "SDNN_MEANH_Ratio": [
      -0.6480519372423683,
      1.5610389375746336
    ],
    "GAD_Risk": [
      -1.7755975258147167,
      2.953186120380148
    ]
  },
  "best_fold": 2,
  "files": {
    "model": "GAD_best.joblib",
    "scaler": "GAD_best_scaler.joblib",
    "imputer": "GAD_best_imputer.joblib"
  }
}