{
  "label": "MDD",
  "threshold": 0.8434343434343434,
  "feature_columns": [
    "Age",
    "Sex",
    "BMI",
    "SDNN",
    "LF",
    "HF",
    "LFHF",
    "MEANH",
    "TP",
    "VLF",
    "NLF",
    "HRV_Mean",
    "LF_HF_Ratio",
    "Sympathetic_Index",
    "Parasympathetic_Index",
    "HF_TP_Ratio",
    "SDNN_MEANH_Ratio",
    "GAD_Risk"
  ],
  "outlier_bounds": {
    "SDNN": [
      -39.0,
      108.0
    ],
    "LF": [
      -979.0,
      1614.5
    ],
    "HF": [
      -788.0,
      1224.5
    ],
    "LFHF": [
      -4.871144287713577,
      8.276610077796155
    ],
    "MEANH": [
      20.0,
      132.0
    ],
    "TP": [
      -3427.5,
      6012.0
    ],
    "VLF": [
      -1841.0,
      3111.5
    ],
    "NLF": [
      -61.16315090745882,
      163.91404357937472
    ],
    "Age": [
      -16.0,
      103.0
    ],
    "BMI": [
      3.367970754103098,
      43.231555416565534
    ],
    "HRV_Mean": [
      -814.945258043354,
      1485.5487256810552
    ],
    "LF_HF_Ratio": [
      -4.830857327463486,
      8.20545903406337
    ],
    "Sympathetic_Index": [
      -0.44866940183122034,
      1.6028716992940466
    ],
    "Parasympathetic_Index": [
      -0.5984295862054598,
      1.43993115398411
    ],
    "HF_TP_Ratio": [
      -0.3973208305644376,
      0.7600356505871351
    ],
    "SDNN_MEANH_Ratio": [
      -0.6729979731565432,
      1.6048311769287023
    ],
    "GAD_Risk": [
      -1.8097338204674895,
      2.9861770153902247
    ]
  },
  "best_fold": 1,
  "files": {
    "model": "MDD_best.joblib",
    "scaler": "MDD_best_scaler.joblib",
    "imputer": "MDD_best_imputer.joblib"
  }
}