{
  "label": "GAD",
  "threshold": 0.4797979797979798,
  "feature_columns": [
    "Age",
    "Sex",
    "BMI",
    "SDNN",
    "LF",
    "HF",
    "LFHF",
    "MEANH",
    "TP",
    "VLF",
    "NLF",
    "phq15",
    "haq21",
    "cabah",
    "bdi",
    "bai",
    "HRV_Mean",
    "LF_HF_Ratio"
  ],
  "outlier_bounds": {
    "SDNN": [
      -39.0,
      108.0
    ],
    "LF": [
      -979.0,
      1614.5
    ],
    "HF": [
      -788.0,
      1224.5
    ],
    "LFHF": [
      -4.871144287713577,
      8.276610077796155
    ],
    "MEANH": [
      20.0,
      132.0
    ],
    "TP": [
      -3427.5,
      6012.0
    ],
    "VLF": [
      -1841.0,
      3111.5
    ],
    "NLF": [
      -61.16315090745882,
      163.91404357937472
    ],
    "phq15": [
      -22.5,
      37.0
    ],
    "haq21": [
      -47.5,
      82.0
    ],
    "cabah": [
      -11.0,
      122.0
    ],
    "bdi": [
      -44.0,
      68.0
    ],
    "bai": [
      -44.5,
      64.0
    ],
    "Age": [
      -16.0,
      103.0
    ],
    "BMI": [
      3.367970754103098,
      43.231555416565534
    ],
    "HRV_Mean": [
      -814.945258043354,
      1485.5487256810552
    ],
    "LF_HF_Ratio": [
      -4.830857327463486,
      8.20545903406337
    ]
  },
  "best_fold": 1,
  "files": {
    "model": "GAD_best.joblib",
    "scaler": "GAD_best_scaler.joblib",
    "imputer": "GAD_best_imputer.joblib"
  }
}