{
  "label": "MDD",
  "threshold": 0.32626262626262625,
  "feature_columns": [
    "Age",
    "Sex",
    "BMI",
    "SDNN",
    "LF",
    "HF",
    "LFHF",
    "MEANH",
    "TP",
    "VLF",
    "NLF",
    "phq15",
    "haq21",
    "cabah",
    "bdi",
    "bai",
    "HRV_Mean",
    "LF_HF_Ratio"
  ],
  "outlier_bounds": {
    "SDNN": [
      -33.0,
      100.0
    ],
    "LF": [
      -980.5,
      1623.5
    ],
    "HF": [
      -736.25,
      1166.0
    ],
    "LFHF": [
      -5.085549490961174,
      8.532516548600627
    ],
    "MEANH": [
      20.75,
      131.0
    ],
    "TP": [
      -3286.75,
      5811.5
    ],
    "VLF": [
      -1787.0,
      3008.0
    ],
    "NLF": [
      -60.5488125807429,
      163.57198679404775
    ],
    "phq15": [
      -21.0,
      35.0
    ],
    "haq21": [
      -49.0,
      84.0
    ],
    "cabah": [
      -3.0,
      116.0
    ],
    "bdi": [
      -47.0,
      72.0
    ],
    "bai": [
      -52.0,
      74.0
    ],
    "Age": [
      -16.0,
      103.0
    ],
    "BMI": [
      3.281540319457278,
      42.97765791398851
    ],
    "HRV_Mean": [
      -792.4507591575341,
      1454.3421569470866
    ],
    "LF_HF_Ratio": [
      -5.056562015647561,
      8.500132598573023
    ]
  },
  "best_fold": 4,
  "files": {
    "model": "MDD_best.joblib",
    "scaler": "MDD_best_scaler.joblib",
    "imputer": "MDD_best_imputer.joblib"
  }
}