{
  "label": "Panic",
  "threshold": 0.3101010101010101,
  "feature_columns": [
    "Age",
    "Sex",
    "BMI",
    "SDNN",
    "LF",
    "HF",
    "LFHF",
    "MEANH",
    "TP",
    "VLF",
    "NLF",
    "phq15",
    "haq21",
    "cabah",
    "bdi",
    "bai",
    "HRV_Mean",
    "LF_HF_Ratio"
  ],
  "outlier_bounds": {
    "SDNN": [
      -40.0,
      107.0
    ],
    "LF": [
      -1009.0,
      1626.5
    ],
    "HF": [
      -716.5,
      1110.5
    ],
    "LFHF": [
      -4.967773222807041,
      8.57960350201094
    ],
    "MEANH": [
      21.5,
      130.0
    ],
    "TP": [
      -3532.5,
      5994.5
    ],
    "VLF": [
      -1838.0,
      3023.5
    ],
    "NLF": [
      -62.829923473371856,
      166.85928471029206
    ],
    "phq15": [
      -24.0,
      39.0
    ],
    "haq21": [
      -45.0,
      81.0
    ],
    "cabah": [
      -8.25,
      123.0
    ],
    "bdi": [
      -41.0,
      64.0
    ],
    "bai": [
      -46.0,
      66.0
    ],
    "Age": [
      -17.0,
      105.5
    ],
    "BMI": [
      4.08127231318338,
      42.35427067860728
    ],
    "HRV_Mean": [
      -868.8119249727042,
      1511.089594139847
    ],
    "LF_HF_Ratio": [
      -4.970467472214558,
      8.560986772156241
    ]
  },
  "best_fold": 5,
  "files": {
    "model": "Panic_best.joblib",
    "scaler": "Panic_best_scaler.joblib",
    "imputer": "Panic_best_imputer.joblib"
  }
}